Review Count,title,rating,x
1,2 Star not worth,1,Battery life is worst . Even normal use call whatsapp battery drain fast 1 day backup only . Don't go for iphone 13 if u want battery backup. And Android user don't go for iOS lot of disadvantages are
2,Disappointed,1,Its my first iPhone. Im completely disappointed with this so called “brand apple iphone”. Its getting very hot during use and charging. I strongly recommend dont buy apple products. just go for oneplu
3,Phone got hot and touch not working,1,Since I bought this product through Amazon phone touch was not working as par and while charging phone got heat a lot.And after one day of purchase my phone is not working . Touch is also not working.
4,I Suggest Don.t Buy,1,This is wrost Mobile After 2 Day use It's Hiting To Much When Charging...Battry Charging Slow..... And When Play Bgmi..it's battry drain To fast with Full Hiting Mobile...
5,Don’t buy this product from Amazon,1,Don’t buy this product from AmazonReturn/Replacement is not initiating by amazonReceived defective product
6,Overheating,1,Heating heating heating. Not expected from a phone with such price
7,Its i just a robbery,1,Its better to buy samsung or nokia
8,Phone heating,1,"The phone is heating badly when put on charge. And when on use of 15mins , the phone is getting heated up"
9,Charger not provided with this iPhone why?????,1,Charger not provided by apple
10,Same as iPhone 12,1,No big upgrades at all!! It’s the same as iPhone 12 except that they changed the camera designed! Apple STOP FOOLING US
11,Don’t buy this phone,1,You can buy two to three Samsung/Other best mobiles with this specifications.. not up to the mark. Only camera got changed compared to iPhone 12
12,Not good,1,Very expensive and not working well as I was thinking about it so I think this is my wrong selection.
13,wastage of money,1,wastage of money. better go for Iphone 12 pro. amazon Great indian sale also ll be there at 4th oct just grab ip12pro with huge discount. and iphone13 assembled in China but 12pro assamble in India
14,Useless product ever by apple even more costlier,1,"I don’t know why they are doing this kind of things i mean at 70k even you don’t get the 120hz display, at least 90hz must be there. Only camera improvement, instead selling phones why they don’t sell apple DSLRs ."
15,Lmao apple sucks,1,"This phone sucks buy samsung, buy oppo, buy oneplus, even mi is better than crap apple. Don't but this crap. I regretted it, you will too."
16,Not worth,1,"Could've been better, this is just such a small update.. I'd say stick to your old iPhone 12 if you have it.. if not then maybe think of buying this"
17,Apple is trying to loot people,1,You have to pay 95000+ for this stupid phone which doesn’t make any sense especially when they don’t even pack a charger and 120hz display in such an expensive phone. Buy Google pixel phone instead.
18,Country of Origin ?China,1,"Country of Origin ?China,you can decide your own. But India origin and manufacture only. Thank you for considering it."
19,Worst phone for isheeps.,1,Buy samsung. Not worth for 60hz in 2022 . Boycott apple products . This is a below standard phone with huge notch .
20,Overpriced,1,No biometrics with many UI flaws. Too expensive at 90K range.Better wait for new versions so that the price will drop for this version substantially.
21,Trash phone,1,"I have made a mistake of going with the hype and buying the iPhone...It's a useless piece of trash for 50k. No functionality whatsoever. Just a piece of showoff,nothing else. I also have put up an ad olx.Rather go for samsung S series"
22,Not satisfied,1,Dislike it
23,AVOID AMAZON FOR APPLE PRODUCTS!,1,"Strongly recommend DO NOT BUY any apple products either airpods, ipads, mac, iphone or even apple pencil or charger from Amazon! Because even after the ""7 days replacement"" note on the seller or the product page, Amazon not gonna provide you a straight simple easy-going replacement at your door step"
24,Good,1,Not buy due to money problems.aspo jui fds bgf and tell i am senior citizen 65 years old will be there
25,Camera does not work.,1,The camera app opens on 2X with a blank screen No amount of reset or reconfigure works. Amazon support does not allow to place return/replace request. They bounce you to Apple support.Very poor service. Very poor product. I have been using Apple products since 2015
26,I dont recommend apple products to buy online,1,"It has scratch on screen , and no one is ready to take responsibility, Amazon nor apple. For the same. Sorry but after this I recommend pay extra at store and purchase apple products rather online. As amazon say this is only with apple products but never know might get applies to all products in fut"
27,NEVER BUY IPHONE FROM AMAZON,1,
28,Ghost touch and don’t touch,1,I ordered this phone. The display touch is not working properly as I am facing ghost touch issue as well. I had requested for replacement but the Amazon team didn’t respond. Am really disappointed with Amazon team.
29,Voice is not clear pls replace it,1,Voice is not clear pls replace it
30,Don't ever buy iPhone in amazon,1,I got the mobile 2 days ago and the moment I put in charge its getting over heated. I called amazon and requested for return/replacement and they are not at all responsible for the product once its sold. I had call with apple customer care and they also said same. If I got mobile from amazon then am
31,Becarefull before purchase,1,There is no replacement with this product . I item I received is getting heated up for small usage. Please be careful while buying this . Now I spend 33k on a mobile which is not as expected
32,Seems to be refurbished phone,1,had purchased IPhone XR on 10th November ….The handset’s mic had the issue which was only solved by replacing the new IPhone XR with your excellent customer service.To my regret the replaced IPhone XR is facing the same problem…Possible apple replaces with the refurbished phone by fooling the custom
33,Defective product,1,After use of 2 days i face issues in my iphone. Amazon send me defective product. When i tell for return he denied.Not happy with amazon.
34,Defective piece delivered by the seller.,1,
35,"My one product iPhone XR 64Gb White, it's already Box opend from your side",1,
36,Don't go for apple unless u touch n like the product,1,"I purchased it and wanted to send back but no return, even I tried to exchange, they didn't accept and asked me to contact apple store...thank god that they are not asked me to talk to Steve Jobs...don't go for this product..."
37,So bad iPhone I have ever had,1,"Wrong colour phone was sent to me. It’s heating up high while I’m on call, use internet, surf webs, etc. Dial pad not working while I called on Custome care number of apple support.. waste of money, pls don’t buy this. Adding to which Amazon is not taking any responsibility once it is delivered unli"
38,Don’t buy it from this seller.,1,"Initially when I got this, I had a hint that something was amiss, looked like someone had used it before, but still kept it.. not at all happy with it. It hangs a lot. Not happy with the purchase. Will not recommend."
39,VERY DISAPPOINTING. BETTER NOT BUY,1,Phone is heating up within 5minutes of talking or charging. Purchased from Amazon ignoring all negative reviews about the product with trust in Amazon. Requested for Return. No response from Amazon or from the seller. Disappointed.
40,Defective item received.,1,Pathetic speaker quality. There is a lot of disturbance hearing other person on every call be it a video or a normal voice call. Not satisfied with the item and when I requested for a replacement on the very 2nd day after receiving the item. It directs me to Dealer or Service Centre. This is not acc
41,Network issue,1,Low network coverage and nobody wants to take responsibility nor Amazon not apple not jio
42,Sound quality is worst,1,"You guys are just fooling around.. Received phone today, it is manufactured defected one. I can't able to hear voice on call. Secondly ringing volume is full but still one can't hear ringing sound. When I contacted to Amazon customer they said you need to contact Apple customer care. I mean I am usi"
43,Backspace is not working,1,I ordered today and once I doing the phone setup I see the keyboard backspace button is not working when I am trying to replace the item the Amazon is showing me to go to service centre it's really a bad experience never turst on online products
44,Over heating problem,1,"I have received mobile yesterday, as battery was dead so put mobile for charging and started heating very much in just 5 minutes. So I've removed the charger, than again I've tried after some hours it's same over heating in just 5 minutes. Kindly help me to return this."
45,Battery and small sound inside and also auto turning off,1,please replace my product or else i will complain a case against you be careful and also dont blame me for any problems from polics this is my last warning please reply or else you will suffer with big problem please be careful or else contact me
46,Needs improvement,1,We can't expect so much at this price from Apple...but some things need improvement ... battery life is too much lesser... overall a good buy 4out of 5
47,battery charging is not happening,1,Suddenly i found battery charging is not working properly on this iPhone. Return window is over and now I am unable to find a way to return/exchange. please contact me.
48,the phone does not work,1,so DISAPPOINTED. The phone does not work properly. Stuck with this product after spending so much money on an iPhone.
49,fake product,1,Received fake product.
50,Sound quality is not good and amazon customer care not supported,1,Value for money and sound quality is not good
51,Too bad quality from amazon and appario retail limited,1,"While first time charging itself iphone XR is getting overheated, and then no response from amazon customer care, iphone xr quality in amazon is tooo bad,they have removed call option now"
52,No charger no headphones don't buy it wasn't of money,1,Waste money
53,we,1,I have purchased 2 No's of iPhone XR no Power Adapter in the box; please arrange for the same.
54,Camera,1,Camera quality is too bad
55,Even after bad reviews I trusted Amazon & I paid the heavy price,1,Stereo speakers aren't working but Amazon says they don't return the product whatever it maybe
56,Waste,1,Simply waste
57,Mic on the phone is poor. Conversation are often hello hello hello. Mic really sucks.,1,Mic on the phone sucks.
58,I received scratch on phone,1,Received scratch phone on delivery.....Not satisfied with delivery and product
59,"Got a bend product , the main problem is I noticed it after when the return period is over.",1,After using 1 month I noticed a slight bend. Feel very bad about it .
60,No,1,No Accessories with Device.. it was a bad experience
61,Overheat while playing PUBG,1,We cannot show it any photo or video
62,Mic is not working,2,"Hi there,My iPhone 13 has problem regarding mic and signal dropsI had iPhone xs before never had this issue, after using iPhone 13 I got so many complaints about my voice getting drop during callOk ca"
63,Got seal broken mobile all my excitement is gone. Very bad experience from amazon for the 1st time.,2,while i receive the box seal is already broken but there is not damage. Delivery of seal broken mobile is very bad that’s why i am giving 2 rating. Tried to contact amazon but no use from the operator
64,Received damaged product,2,Recently purchased an iPhone 13 but it has scratches around camera and amazon not replacing it saying contact to the apple
65,Maja nai aaya,2,Maja nai aaya sach bolu pichhla wala hi haiKuch naya waya karte nai hai yeh apple waale bilkul maja nai aaya
66,Dont buy,2,"Please consider any other iPhone / phone.Am saying this NOT because of the performance issues. Performance is very good.but this phone doent survive a small fall. If it got dropped from a height of 2ft, the front glass breaks.I have Spigen back cover still got two breaks since in three months... pla"
67,"Don't buy XR, buy 11",2,"Even if you are getting at lower price, don't buy this, buy iPhone 11 or 13. Don't buy 12 also."
68,Don’t waste your money,2,This iPhone XR is 2018 model manufactured in October 2020. Received at battery completely dried condition. The worst part is now Iphones are supplied without charger. Phone package is also not having any damper proof seal. For Rs 33999 is it advisable to buy a 2018 model one year old stock even with
69,Poor quality of camera,2,
70,Bill is not in box,2,Phone is ok but bill is not in box
71,Hanging problem,2,After using 1 week phone start hanging. I wanted to exchange this product but one day delay for replacement complaint
72,Battery gets dry fast,2,"I have using this cell for last 6 months, Over all usage is excellent but battery gets dry fast"
73,Unsatisfied,2,"Highly heating problem, got dust inside the camera, really m very upset with this product."
74,Charging cable not given,2,"Charger and headphones not provided, wifi not connecting"
75,After 1 month camera not working,2,I m buying this iphone after one month camera not working
76,It’s Made in India and not in The USA,2,It’s Made in India and not in The USA
77,Touch is not up to the mark and software is too cumbersome and has snob value,3,Battery drains fast and it should not be priced more than Rs 60000
78,Poor camera,3,"Camera is very poor like 15thousand rupees mobile, if you want to buy camera phone please dont buy it, price is no justified the camera."
79,Well. I expected a better battery for this,3,Well. I expected a better battery for this.Rest all is pretty well
80,Good phone,3,Good phone
81,Nice,3,Supar
82,Battery,3,Battery life is very poor
83,A phone with a great Processor And Less battery backup,3,
84,"It's single Sim slot iphone, Amazon has not given complete details about product",3,"It's single Sim slot iphone, Amazon has not given complete details about product, I was little upset, wanted to buy Dual Sim iphone , I request Amazon has to make sure to provide complete details"
85,Okay kind of product,3,"Design and build quality is top notch. Overal Average product. Signal reception is worst( always 2 bars or 1 bar of network),Even on iPhone 13 Nd 13 pro. So unable to enjoy on mobile network. Can’t share Hotspot, it doesn’t connect to any device. It’s a shame that I’m unable to use mobile network ev"
86,packaging was very very bad. Delivery box was already opened.,3,"Everything was good but packaging was very bad, when the item arrived the delivery box seal was tampered, though phone box seal was intact but I didn't liked it, it gave me a shock as I already read quite a few negative feedback in comments already. However, I opened the phone box seal and the phone"
87,Battery getting heated up while charging,3,Phone getting heated up while charging using at genuine apple charger also..
88,Good but not the best,3,Every thing is good but I feel that camera could have been better. Oneplus has better camera but SAR radiation is more in oneplus. This phone is overall good and great look and feel.
89,Display shaking,3,Display shaking sometimes I think I got refurbished seal also open don’t cheat people like this
90,Really good but battery life is F,3,Bad battery life other than that a good phone.
91,Phone gets hung,3,Not up to mark.Phone even gets off.
92,So much heat on every process,3,Mobile so much heat on every process
93,Some times screen goes blanks while on going call,3,Sometimes screen goes blank while on going call
94,Good,3,Good one
95,Good....!!!,3,It is very good quality and camera also.
96,Delivery very late but device is awesome,3,Very nice performance bettery is less
97,Battery life,3,Not Satisfied
98,Best phone,3,Best product
99,Nice mobile but facing some heating issues,4,
100,Nice One,4,First thanks to Amazon for providing the original product. Battery backup seems to be good which was the main issue with iPhones. The only cons I have noticed is a low signal in some areas.
101,Good device but the value to money ratio make it questionable ??.,4,"Got it for 63k during an offer ,still the price is bit hight ."
102,Flare on camera image,4,There is a Light source flares on camera image when you direct your phone camera on light source. This is creating green light spot on image. It is problem with the iPhone lens. I don’t recommend this
103,Nothing seems new,4,Good offers
104,Nice for iPhones lover,4,"If you want to switch android to iOS, so take iPhone 13 and also carry your old android phone because face many problems in iPhones, not allowed double apps, Two physical sim,etc"
105,Processor speed is awesomeness,4,It’s was awesome its speed is great I play many games but battery is not good but it’s great firm simple use
106,Ios shift from android,4,Updated from android to ios.Not a pleasent experience immediately gets used to it after some time.Andraid was way much user-friendly.
107,Must buy its worth it,4,
108,Good phone But camera is not impressive.,4,Camera is not impressive comperative its old phones.
109,"No audio jack, 3.5mm , single sim",4,"Only secure , camera etc."
110,"Phone hangs , not worth the spend.",4,Absolute rip off. Phone keeps hanging.
111,Sim slots,4,It’s good
112,So So,4,Not justified it's cost
113,Battery life is great,4,Its a topical iPhone similar to previous gensBut the battery life is incredibly.
114,Almost perfect,4,Phone’s a little heavy and rest of the things are good. Got it for a pretty good deal.
115,got the phone today in great condition ????????,4,"all in great condition, but since it's not the usa version there is no 5g antenna, but overall fine"
116,Awesome,4,Liked the phone
117,One of the best phones out there right now,4,So I ordered this phone from apple’s official website. And have been using this for the past 1 week and trust me it has one of the best batteries you will find on any phone. I am a moderate user when it comes to cellphones i.e the basic Instagram Facebook WhatsApp YouTube and Netflix. This phone if
118,"Okay, not bad",4,Used it for a week... Not bad. Battery life is very good but no difference between iPhone 12 and this
119,Good,4,Good mobile phone but screen less and uses of phone very user friendly and disappointing for charger not including in price
120,iPhone 13 is in similar league as most iPhones are!,4,"Scores high on style, looks, great camera, fast. iPhone set-up from previous versions of iPhone is very very fast and smooth. Entire set-up took just 10-15 mins and everything was copied over w/o any loss of data. Face ID set-up is very powerful. Battery life could be still better. Obviously price p"
121,Very good,4,All is well but siri doesn’t work maximum time. Its too much boring to turn on and off siri to make it listen.
122,"Hyped as well as expensive, minor upgrade over Iphone 12.",4,"The smartphone marketplace has changed drastically over the span of the past few years. Over the years, it has become more competitive than ever before with a lot of smartphone makers launching their flagship devices every six months. Amid these challenging times Apple, like a bunch of other compani"
123,Best purchase,4,"I was really hesitant to buy any apple product from online store at the same time was tempted with the deal on Amazon,and couldnt stop myself from ordering..Did all kind of checks after receiving such as If its a genuine one or not by checking the serial number on the apple website .I was thrilled t"
124,GO FOR IT _ EVEN I HESITATED AT FIRST,4,"I really was hesitant to get this phone mainly cause of the many negative reviews but the ones that did sound positive made me have hope that I might get a legit phone too. I was really hoping to not get scammed and proven I am not. I ordered this phone on the 17th and I received it today, the 20th."
125,Nice Smart Phone,4,Please don’t go by the Negative ReviewsIt’s best Budget Smart PhoneBattery last for 2 days for average useBattery Charger not available only cable is givenBut u can Easily purchase adapterIt works same way as Apple 13. Same OSWHY PAY ADDITIONAL 1 LakhThis rate is best @34999
126,It’s an iPhone and it lives up to its reputation.,4,Phone is certainly good as per its reputation. It’s and iPhone. Price wise it’s on higher side without charger. Charger should be provided along with the phone to at least first time buyer.
127,dont buy iphon for Dobly atmos songs,4,if you want to listen dolby atmos songs you should have Airpods along with your Iphone
128,Only the space issue,4,The product is good. I’m writing this review after using it for more then a month and it’s working fine.Though I was not sure if I really want to buy this kind (money) of purchase because of the negative reviews. But it’s good to go or maybe my luck that’s the headset is working fine.Only issues I f
129,Lol,4,Lol
130,If we ignore the camera performance. Everything else is steller.,4,Knowing the price point and Apple's software support it's a prolific device. But the camera has aged and nighttime shots are pretty bad compared to smartphones at 35k price point. Otherwise other features are still at par with the flagship killers.
131,Product was good..,4,
132,Still good one,4,"I believe apple will this mobile support till 2025, so you can buy without any dilemma. Still it is good than same price range android mobiles. Go for it without any second thought"
133,Worthy,4,"if you want to buy apple product and your budget is below 40k than this is the best iPhone you get,camera works reall well,display is outstanding you cannot feel that screen is LCD and best part is stereo speakers awesome and performance of phone is incredible.go for it"
134,This is my second one,4,This value for money. Case is not like other apple phone improve littile bit.
135,An absolute beast at it’s price range,4,It’s been almost 3 months since i bought this great phone. It has a good quality camera and battery life. The build quality is really nice with great color options to chose from.
136,Cheapest Iphone with a Bigger Screen,4,"Cheapest iphone with 6.1 Inch screen, super premium feel . Coming from Android to iOS but it's really very smooth , my previous phone was Asus ROG Phone3.. .BGMI optimisation is really good but battery life is not that great major turn off."
137,Okaish phone ?????,4,"Heats up while charging, cam is ok, screen is okay, ui is good over all 4/5 stars..."
138,Great phone for its price,4,"Exchanges old iPhone with this , it’s been almost a month now and very happy with the purchase. I was in doubt because of few bad reviews. I did not had any issue till date !! So happy shopping"
139,Missing of charger is really disappointed.before ordering it u should order charger first.,4,Overall performance is fabulous and mind-blowing. Charger not available in pakage Disappointed me lot. No ear phone.
140,"I'm very lucky to get this mobile,very happy with this deal mobile is very nice",4,It have not fingerprint reader but face recognition is very accurate..
141,Apple Adapter & Earphone Missing,4,At least Power Adapter should present on Box for New iPhone user.
142,I already buyed 2 i phones from amazone but i still face same problems that is Heating,4,But i think heating is the issue but its ok becouce it cants create any of the problems So thats Good At All ??
143,Great,4,Great iPhone. Really loving this purchase.
144,Good Features,4,Super good mobile
145,"Buyed for Rs35,000",4,"For 35,000 it's just ok product , price should be less than this"
146,Iphonic,4,Shaking face while face recognition is a considerable log.
147,Best value for money!,4,"I have to say that I was a bit skeptical about this seller, as it was not appario or cloudtail but my experience was great. No damage, no delays and no fake product has been delivered."
148,IOS rocks,4,"Absolutely sturdy, fast and durable phone."
149,Good phone on budget,4,If you switching from an android phone this a very good option.the camera quality is good.
150,Amazing,4,Amazing
151,Good product,4,Good product
152,Worth it!!!!!,4,"I was really sceptical about this product before buying ,as there are lots of negative comments.I am glad I bought this!!!!"
153,Awesome product,4,It’s a good product which is also very cost effective.. it’s a good upgrade from an earlier model and is not as expensive as the new one’s.
154,Super,4,Super phone
155,Awesome... Quality nailev it.,4,"Like camera, battery is poor"
156,Average,4,"Camera, battery ,performance Everything is average, built quality is good ."
157,Lil overhitting,4,Battery goodValue fr money not so muchOther thing okay okayOverall good
158,Overall good,4,Good
159,Supar fon....,4,
160,XR,4,Mobile wise Super Camera Ultimate And Slow Vera maari????
161,Battery percentage started decreasing after 1 month,4,Battery percentage started decreasing
162,VALUE for money,4,Best apple phone under budget
163,X-r using phone is much more better of the ios system,4,Yes battery life is very good and sound is also good
164,Excellent product. Happy,4,Excellent
165,iPhone,4,Just a castly mobile only that’s all
166,Good product,4,Nice device
167,Good,5,I liket Apple phones I use in 12 but don't different small changes byclone 15.and Touch and Tha Mobile is more than small in 12
168,I’m happy iPhone 13,5,Thanks for Amazon my iPhone 13 ??
169,Best phone out der,5,"Before time delivery and original product . Apple is beyond doubt the best phone maker have shifted from flagship samsung and liking the change . The fit n fineese of ghe product is amazing , battery"
170,Go for it..,5,you really don't need to upgrade if you bought a new iPhone last year. But anyone with an iPhone 11 or older will find enough new parts and features to consider the new modelsScreenThe screen is notab
171,I loved it…Red color is awesome..,5,I’m happy with iPhone 13. It’s little bit heavy like iPhone 11 but it’s fine.
172,"Well, won't say anything you already don't know!",5,Missing features :High refresh rate displayTelephoto lensMacro modeOverall it's a great phone!
173,Awesome,5,Its a very pretty colour ... Very good experience in holding with hand ...Camera quality very special... I love listening music with in it... Friends don't think too much .... Thank you amazon for saf
174,New and nice experience so far,5,"New experience. First time using iPhone. Performance is outstanding but having issues regarding apps, music and videos ristricated by apple. Rest is superb."
175,I Live and Love Apple,5,"Amazing phone. I have had iPhones since launch of iPhone 4 and has most of them throughout. Still using 10, 12 and now 13.It’s amazing. Camera is just beyond excellence, which is basically what is nee"
176,Fantastic All around performance,5,"A great Iphone that ticks all the right boxes. Easy to grip in hand , excellent low light photos, fantastic battery life of more than 6 hours plus of on screen time Ona daily basis."
177,Good phone. Great camera. Amazing battery,5,"It’s a great phone. After my 6s plus, it’s an amazing upgrade but I wish I would have bought the pro version instead. I miss the features that phone has."
178,Absolute Beast! Worth Every Penny.,5,"The iPhone 13 offers great performance and exceptional battery life. It came with 3 months of free Apple TV + Apple Arcade subscription, and 1 month of free Apple Music."
179,Good,5,Very Very Good Mobile.Sad to say thing is charging adaptor is not in box.Should include adaptor in box.And screen guard and back cover is also suggested to add in the box.
180,Great product,5,Product is very good. I am happy with this product
181,Too good,5,In one word fantastic…. Beast of a performer..It good right balance of size and performanceBattery life is major USP of this mobile …Two major Cons :-120 htz refresh rate is must have for this price p
182,Its an ios very smooth especially dolby speaker are awesome,5,Previous mobile was one pluse 5 switched to i phone 13 and i am just fall in love with ios.Watch Lot of youtube videos about ios vs android and take decision to go for ios. Its super cool
183,Words Can’t explain how statisfied I’m ????,5,"I bought this phone for my ios app development & testing and the battery to performance just works fine , giving me a 7.51 hr of battery backup in full usage. Just awesome ??."
184,Top Notch high quality feel delivered,5,"Amazing phone , Amazing Battery life , Stunning camera , and the videos are like wooooow , every one is sure to ask you which device did you use to upload these premium quality videos . Battery is roc"
185,Beautiful Design,5,Nice product and gorgeous...!Very nice camera quality.Display is too good...Body is also good.Is has many hidden features than iphone 12 and 11 and all old products...
186,Awesome purchase was lucky to get a proper product without hiccups,5,Display performance and feel of the device along with the camera is top notch and perfect. Fits perfectly everywhere and screen is big enough to not be too small.
187,Just buy it,5,"This is first time i am using iPhone. Initial few days i was missing some feature of my old android phone but now i am loving the iPhone 13. Everything you hear on youtube about iPhone 13 is true, it’"
188,I just loved it it is an awesome phone and a investment for your 3-4 years atleast for middle class,5,
189,iPhone just rules the world,5,You don’t need to write anything when it comes to iPhone because iPhone just rules the world. Simply amazing… price is too much though. The only disappointing thing is that they have stopped giving pr
190,Is very smooth and fast.,5,"I thought upgrading from 11 to 13 would be a hassle. I could transfer all my data from 11 to 13 very easily, Never even had to connect to a pc or download an app."
191,Fantastic,5,Fantastic red .. just unboxed it so cannot say about anything else . Loved it . Thank you amazon
192,"Please buy, nice phone.",5,"Finally, I gift this mobile to my lovely wife.But it's very difficult to live with one kidney!!!"
193,Intelligent Device,5,"Intelligent device with amazing camera ,display ,multitasking support , battery performance and RAM Management"
194,Awesome one,5,"I actually was using note9 Samsung phone from past 5 Years, I work at corporate so my phone usage is a bit more and this iPhone 13 -beast of a phone is delivering on my expectations more than I though"
195,Wonderful product,5,Go on without any hesitation??
196,Good mobile but high cost,5,1. Camera Quality: good(best??)2. Battery life :Good( best??)3. Performance :Good(best??)4. Touch display :low speed ( not good??)Remaining all are good ??
197,Excellent Phone,5,"Excellent in every aspect, battery life is very good, lasts easily for 1-2 days. Worth buying."
198,awesooooome just go for it.,5,Phone looks good basically the diagonal camera. camera quality awesome. I was using I Phone6 then baught this I phone13.
199,Best phone ever owned period,5,Once you use IPhone you are not going back to android.
200,Amazing Camera and Battery for this Iphone,5,The camera is very good and the battery life is also working nice for me with this Iphone. Latest iphone at the best available price.
201,The best phone out there,5,"Best phone out there. Excellent display, battery that lasts a day for medium to heavy users, good haptics, latest software with wonderful camera. I can’t find any cons with the mobile."
202,Next level product,5,Earlier I was worried about the product after reading some bad reviews about appario but do not worry there is no such thing as this company is fraud what I think is this guys are genuine and my produ
203,Nice,5,
204,Amazing as expected,5,Great overall . First time iOS experience. Nice photos and gaming
205,My first iphone experience,5,Really really awesome model to be in hands..The display has a great variation comparable to the android mobiles.
206,Nice,5,Nice product .fastest delivery by Amazon and thanks to seller for genuine product .
207,bought it for my father today,5,"seems very good, let's see long term the long term use"
208,Super se upar,5,Iphone13 Quality is above all the existing smartphones in the world.
209,Super piece but price if it drops more it could be better I got in good deal,5,The product is superb got two days delivery
210,The premiumness you’ll feel it’s just awesome,5,Just go for it no need any explorer. Best of classRecommend to wait for any offerGot it for 73990
211,Flagship,5,"Came from ANdroid. Android has its own perks. But as a daily driver and for doing simple tasks and click pics at go, its a reliab"
212,Good camera and battery,5,Too good camera and battery life
213,Great Performance,5,Good Display... Fast performance... Great battery life for an iPhone.
214,Amazing,5,It’s very nice good quality and the best it has value for money
215,"Connectivity is good,",5,"iPhone 13 is good connectivity and sound clarity, good experience, photo quality is good,"
216,PREMIUM PHONE,5,Best in offering
217,All great as expected,5,Everything was perfect delivery was on time and product delivered perfect. All in all a good experience.
218,Superb Product,5,Nice User Experience
219,Value for money,5,I bought this i phone 13 in summer sale with a very good price and got an excellent product with set delivery date.. absolutely no issues...
220,Great Phone.,5,"Faster Face ID, great battery life, awesome picture quality and new cinematic mode."
221,Quality is good but battery life is not so good and charging is slow compare to One+ Mobiles,5,Don't like Battery life and Charging is very slow compare to One+ Mobiles
222,Upgrade,5,"If you're running an iPhone 11, any of the models in that range, then, yes, the iPhone 13 is definitely worth an upgrade."
223,Best ever iPhone,5,
224,BEST PHONE,5,THIS IS THE BEST SMART PHONE I HAVE USED
225,best,5,
226,Nice,5,Nice product and packaging
227,Amazing phone…,5,Absolutely amazing phone and its worth all the money. Good battery life and very smooth.
228,I brought yesterday from Amazon through Appario... everything is good only,5,
229,Excellent,5,As Expected iphone rocks.. High price
230,Apple is always my first choice,5,Best in quality and feature too
231,Thank you so much Amazon for fast delivery.,5,Superb battery Backup and value for money.
232,Awesome look,5,Nice
233,Worth switching from android to IoS,5,You are not paying for a phone but you are paying for the experience and picture quality
234,Perfect,5,Face id works smoothly and battery life is good
235,I Phone 13 blue color Unboxing,5,
236,Good,5,Good
237,BEST,5,Best in the line ??
238,Good Product,5,Good Product
239,The best phone for the price!,5,Loved the experience of owning the iPhone 13. A massive upgrade over the older generation of iPhones
240,Excellent Buy????,5,Just love the colour and performance as we all know ;) Every thing is just top notch????.
241,Nice product,5,Nice product
242,Awesome,5,As expected
243,Smooth value for money,5,Good productCamera is superbSmoothness is of next levelFeeling proud and feel honor
244,Wow,5,First phone amazing
245,Worth the switch from using Android based smartphone,5,"Liking the device from all the aspects (battery life, performance, software)"
246,Awesome Phone,5,Superb phone
247,Isse jordr kuch nhi ??,5,Sb jordar hai ??
248,Awesome Phone!,5,Battery life -Awesome!Photo quality -SuperbVery nice phone to use.
249,Nice product,5,Go for it .
250,Overall good but not like ultra,5,
251,Nice,5,
252,Best product ever,5,I am upgrade with newer version once they have it
253,Great performance and battery life,5,Battery life is extra ordinary. Performance is better.
254,Worth the price,5,Worth the price
255,Good one,5,
256,Good product ????,5,
257,It’s a great phone,5,Loved it
258,Best camera,5,Great filling
259,iPhone 13 is so cool,5,Battery backup is too good
260,The best offer in Town ??,5,"Superb product, wonderful offer. Thank you"
261,Overall Quite good,5,"Value for money , quite good performance"
262,Nice ????,5,
263,Best camera,5,Portrait mode amazing especially on video
264,Best Phone,5,Best Phone.
265,Wonderful purchase,5,Worth product
266,"Wonderful product,, great battery backup!!",5,Got delivered in 1.5days. Amazing Amazon!!
267,You will never disappointed,5,Overall good buy
268,Good one,5,Perfect
269,Parfect fiting,5,Parfect fiting
270,Best purchase,5,Great product
271,It's just a phone,5,An expensive one.
272,It’s worth it,5,Worth every penny
273,Worth money product,5,Worth money product
274,Ok .,5,Ok
275,Simply Wowwwww..,5,Simply Wowwwww..
276,Camera,5,Like
277,Very good phone just like butter cut by knife life smooth.,5,Very good phone
278,Good phone,5,Let’s see how it work
279,Nice mobile,5,Mobile nice
280,Loved it,5,Amazing phone
281,iPhone always best,5,Mostly liked
282,Good one,5,Good phone
283,Nice,5,Nice
284,Cute little thing ??,5,Purely loved it ??
285,Amazing product,5,Nice product
286,iPhone!,5,It’s worthy!
287,Just switch to i??,5,Awesome ??
288,Worth of the money,5,Nice product!
289,Bought it in 60k after exchange.,5,Worth every penny.
290,Good product,5,I like it
291,Unbelievable battery life and display!!,5,"Upgraded from 8 plus to 13, so far I lovee the camera settings and it’s display, the battery life is something I didn’t expect from specially Iphone, the charge cycle is unbelievable!! If I charge my phone in the morning then it’s good to go for an entire day to use it!! I’m glad I purchased it!"
292,Amazing Phone,5,"Those who are saying, it's just iPhone 12 with design change, then you're wrong,And most of them are upgrading to 13 will have older devices.First thing you notice is the battery backup, it is amazing, at least 3hrs more sot than 12.Main 12MP camera now has bigger sensor , fast auto focus and sensor"
293,Good mobile,5,
294,Incredible Package,5,Was using 11 before this. Wanted to go for 13 pro. Wished 120 hertz pro motion display in my phone. But that costed way too much. Nevertheless this standard 13 model is not too behind. Almost same cameras. Amazing battery life and speakers. And build is similar to 12 offourse but functionality is be
295,Superb phone but greedy Apple,5,Phone is excellent. IOS is very smooth. Battery backup excellent. The problem lies with the accessories that you will be forced to purchase. There is no charger. (Additional Rs. 1900 for apple charger). The cable is type c to lightning. (Additional Rs. 1000 for certified belkin usb to lightning cabl
296,Awesome Product from Apple !!!,5,Actually I am Android user since 10 Years & Now I Switched to Iphone Yes its little difficult to adjust and comfortable with iphone it's take almost 1 week to friendly with themOtherwise I am Student so as a student usage The Battery gives me almost 1.5 Days with once full charge & No Doubt Performa
297,Solid phone overall,5,"I was looking to buy a new smartphone after my POCO F1 started having issues. If you are someone like my who's looking to move from Android to iOS, don't think twice and go ahead with the purchase. I got the phone on release day and the experience so far has been hassle free. If you have any other A"
298,Apple quality is good. Though it's costly. Apple quality is good. Though it's costly.,5,"Apple iphone quality is good. Battery life is good initially, hope it remains same for some time. Money wise all apple products are costly."
299,AMAZING PIECE OF TECH,5,this thing is absolute beast in battery when compared to other iPhone's. I used note 20 ultra before and i am getting nearly the same battery life with this phone in this perfect shape. I am super happy about my purchase. The camera is really great with some new features. if u are looking for a new
300,Must buy,5,Such a great battery life….i have charged it in the morning 10:00 am for 45mins it lasted till midnight with 15% left at 2:00am i really love this service. The camera is like awesome with cinematic mode.
301,I saw in nearby stores,5,I saw in nearby storesIt looks almost like iphone 12 except camera positionBoth the phones are awesomeWhoever is having money can go for itBut people like me can see in stores
302,Great Flagship Phone,5,"The price is directly proportional to the features. Everything is perfect no issues. If you want to switch to an iPhone, this is the perfect phone."
303,Its really awesome bokkeh mode on video is really like next level,5,
304,Awesome,5,Bestest phone there is no comparison of iphone with any other phone. Specially for picture quality. Look wise also good I’m having blue colour I didn’t like that colour but white and black colour was not available at that moment that’s why i go for blue one.. well blue is also good.
305,Next level Phone I shifted from android to iOS just felt amazing..????,5,Mind blowing phone next level photography and camera quality infact battery life is also inproved much Its value for money no doubt
306,Excellent device.,5,Good product and using for personal use. The device is working well.Not facing any glitches. Highly recommended product for everyone .
307,Not for Crybabies,5,First of all all those chapri who gonna buy it from emi will cry that it is same like iPhone 12 and doesn't have adaptor.Lol then why you bought this??
308,amazing,5,love the phone... its amazing the camera quality is so good...apple never disappoints.. though people with iPhone 12 wouldn't find anything new
309,Better battery life & performance ??,5,
310,It's very good storage,5,It's good phone more stora it's camera and well only nice phone iPhone 13 it's better and all good Apple
311,Good but expensive,5,"I phone 13 having lot of good features but difficulties for sr people..missing home button, no call recording, need to buy c type charger etc.."
312,Iphone 13 product red,5,Best phone ever . I was using iphone 12 but now I had upgrade to 13 thanks Amazon thank a lot
313,Touch is best,5,"Touch & video quality awesome,Face lock is superBattery is very goodSound quality is awesomeColour is cool…,"
314,Very nice product,5,Battery camera smooth touch awesome white colour best colour I am very impressed with the quality of the product ..
315,Expensive but worth to buy,5,"I have purchased my first Iphone every.I can say camera is best in market (Vivo v70 pro+ is biggest competitor), Build quality is good with lots of new feature.if you are iphone 12 user, I will not suggest to you. Because there is no much difference between 12 and 13.But if you are purchasing new ip"
316,iPhone 13 is amazing.,5,
317,Mind blowing purchase,5,This is first time iam using an Apple smartphone and iam completely satisfied with this product in Major areas with compare to other android devices and this is the next level experience of using iPhone 13 service device
318,Awesome,5,Superb mobile from Apple.
319,One of the best smartphone.,5,Improved camera.Very Impressive battery.The screen is much brighter.
320,Exquisite experience,5,Pretty Pink Color with amazing features apple has added to the new phone!Feels very light while holding the phone!Happy customer ??
321,Same as 12 only,5,
322,great,5,I am having a great exprience with it after upgrading from my Xr . It feels lighter than my Xr too & find the display really Crisp as earlier i was using an LCD display
323,Great phone,5,"After iPhone 4, I am going back to the Apple ecosystem, by purchasing iPhone 13. In the meantime I have used several Android and Windows phones. This is the best, though at a much higher cost. The battery life is a surprise, with a good life of over almost two days, with normal use."
324,It’s a Gem at the moment in the market.,5,"I wanted to upgrade from iPhone 7 to latest and I believe I did right in purchasing iPhone 13. Very happy with look and feel , Performance and Battery"
325,"Good phone and aawesome camera, but way too expensive",5,"The phone is really good and the response is better than my earlier iphone11. Camera is fab and the cinematic mode really do the magic. However, it is too expensive for the price, which is mainly bcoz of the Apple brand. Also, Apple not providing charger for environment purposes, is fake and I do no"
326,Excellent,5,iPhone 13 looks awesome with great performance and good camera quality totally liked it.
327,Best phone????,5,
328,Good switch from Android to IOS,5,"If you are switching from qndroid to iso, then this is a good decision. Excellent battery life and camera. Just go for it."
329,"Awesome phone , thanks Amazon for awesome delivery",5,"iPhone 13 awesome phone , screen ultra clear, sound very clear too good , Amazon delivery was awesome as always , iPhone rocks.Phone is having 60hz but it doesn’t look like that , easily compare to 90hz phone kudos to Apple"
330,Awesome,5,The iPhone 13 is the best iPhone ever. Fantastic phone. The best camera. Fastest processor. And offcourse a status symbol. Go for it. It's the best smart phone.
331,Great experience ..,5,It’s a great upgrade…camera is good..
332,Premium mobile phone,5,"The defention of flagship has to go to apple products, the premium quality both exterior and interior makes this phone the best in the world.I wish the import tax are not so much ....if we get the same price as the US this will be very fair to all the customers...But the difference of paying 30 to 4"
333,Beast in the House,5,Everyone is a Gangster until a real Gangster comes into the room.Loved the product.
334,Best iPhone I have had in a while,5,Best iPhone I have had in a while
335,Nice product,5,I get iphone 13 thanks amazon
336,Very Good,5,Value for money
337,"Good but, bit expensive.",5,
338,It’s good ??,5,The midnight colour is little bit like navy blue and besides all the things are good and also I like the new cinematic mode of it.It’s good
339,Great Update from iPhone 7 Plus,5,Great to use! Has an amazing camera. Quite light and looks stylish.
340,Its an amazing phone,5,Its an phone that feels differently in hand as compared to other phones. Absolutely amazing camera quality. The one of the best.
341,Amazing experience,5,My first iphone
342,Best Phone Ever,5,This phone has AMAZING FEATURES idk why people hate it this deserves to be liked more as the phone even has CINEMATIC MODE perfect for people who make movies
343,Iphone,5,I switched from Oneplus 5t to iPhone 13. The reasons I switched was 1. Battery life of Oneplus 5t deteriorated rapidly and OnePlus hardly cared to explain this. I also suspected that OnePlus deliberately created a bug that led to sudden drop in battery life. 2. Wanted to get an Android phone but cou
344,Red colour looks stunning!!,5,"Just received this in the morning. My mother loves the red colour. Also, the camera’s pretty impressive. Haven’t tested the battery yet. But, I’m sure it’s much better than the previous versions.The best part is that Red colour’s not flashy."
345,Highly recommended.,5,I always wanted to buy an iPhone this one is just made for me it's has a very good camera and I just love the look.If you are going for iphone than I highly recommend this phone to you other than other than 12 or 11.
346,Awesome,5,Night mode is good and other performance also awesome..Battery performance also good and gaming performance also awesome and camera quality also nice.
347,OnePlus 6T to iPhone 13,5,"I switched from OnePlus 6T to iPhone 13. Just a fabulous mobile. Amazing camera just like a DSLR in pocket. I purchased my iPhone 13 from iPrime store because of same price online & offline. Bought it at ? 81,800.00 (iPhone+ 20w adapter)."
348,Buy 4 this phone in 1lac my all family members are happy,5,"I have no money to buy this ph , i am poor guy, kind hearted person can gift a i phone any model no problem . May god bless you ????????"
349,Fabulous!,5,"Thanks to Amazon, the device was received well packed and before time! The device is fabulous, it's like love at first sight! It doesn't feel like a 2018 device, the speed, the sensors, the touch is pretty amazing! A12 Bionic works well! 3GB RAM is sufficient to run the phone, COD, BGMI and NFS can"
350,Amazing Phone n Excellent service by amazon,5,The Product is amazing n It is Amazon Verified n Best seller so plz dont worry n buy it
351,Getting original product,5,I am very afraid to buy it on Amazon and from Appario due to many negative reviews. But finally ordered it. I got original product. I also wrote this review by my new iPhone XR. I have no any problems till date.Packaging should be better. I am not happy by the packaging of Appario. Go for it don’t f
352,I hate amazon,5,No doubt the product is amazing but I hate the fact that I got this for 41k and now all of a sudden there is a sale and this is selling for 32k and 11 is 36k im really dissatisfied with my purchase now
353,Awesome,5,"Its exactly the same that you buy from store. No adapter for charging, only cable. Ignore the back cover, i bought it separately."
354,Value for money,5,Tight on the budget but still wanna experience all the features of new iPhone.Grab this XR.
355,"Awesome Phone, Amazing Amazon",5,I have used iphone 6s before 1 year. And i was using top of the line Android mobile since last year. Still i was missing my iPhone experience. Then I ordered iPhone XR from Amazon and i got it before expected time and in a very good quality. This is the product which never let u down. Highly recomme
356,Best Flagship Phone Under 35000,5,"35000 ????? ??? ?? ??? ?? ???? ????? ?? ???? ??, ?? ?? Android ?? Iphone ??? ??? ????? ??, ?????? ??? ?? ??? ?? ???? ??, online ???? ?? ???? ?????? ????? ?? , store par ???? ???? ???? ?????? ??, online ?? ???????? 35000 ??? best iPhone ever......."
357,Value for money phone,5,"Good option at 42k for 128gb variant.Fav feature is processor itself. User friendly like android. Battery back up not upto std. value for money phone. No LED display but It’s superb. Camera is good at this range, no night mode. Better build quality (hardware). No Touch ID facility in this phone."
358,Great phone even in 2022…watch my video review,5,
359,Best iPhone : Value for Money .,5,
360,Worth buying in 2021,5,
361,Just fab!!!!!,5,"Just incredible, the main reason is the battery life of iphone XR which is the best compared to all other models. The red colour is just so good, camera is fab overall XR is amazing be it any colour but my personal favourite is the red one."
362,An impressive purchase,5,"I have bought this one for my mum and she’s absolutely delighted with it. I got a great deal during Great Indian Amazon sale. Even in 2021 going into 2022 for anyone looking for a ‘budget’ iphone , this is highly recommended over iPhone SE due to larger screen and user experience."
363,Iphone XR - value for money,5,"128GB for 40Kvalue for moneyonly one camera, neat and clean-Love the old round design-apart from camera and its TFT screen, i dont see any diff for iphone 13 as look and operation is same.battery back up is good- comes 1.5 dayCamera is good but not as iphone 13display is good but not bright as iphon"
364,Best smartphone in ?32k,5,"Upgraded from iPhone 7. Loving this masterpiece.Pros:Best battery backup - goes 20+ hours for me.Big screen, face ID is superquick.Supports latest iOSSame as iPhone 11 except one less camera and A12 chip.Stereo Speakers - sounds like a bluetooth speaker.Cons:Single Rear Camera - doesn’t support Stag"
365,Nice Product,5,"Stable IPhone product, Package was quality. Delivery guy was supportive. Amazon needs to provide some more details like new or old version. Good battery life value for money.Xr doesn't have finger scanner only face scanner. Few câmara features lagging but overall good."
366,Thank you Amazon for the most trusted delivery,5,
367,A decent Ios device.,5,"Arrived a day earlier than scheduled and the product was original. Working fine till now and overall, a reasonably priced decent smartphone. There has to be a little upgradation needed in the camera quality. But for those who are not very particular about that, it is a nice phone with a adequate bat"
368,Tremendous value,5,"If you want to buy this device, be prepared for the lack of a full HD Amoled screen, Ultrawide camera, Night mode and slim bezels. If you are ok with all these omissions, you will get a silky smooth iOS experience, good performance, tons of privacy and security features, solid battery life and excel"
369,Fantastic,5,"Of all the fruits that I love, apple is the best. Jokes apart, this is a refreshing experience in terms of battery performance. So smooth .. so buttery. You will fall in love with this .. it’s been 3 years since it’s launch, it still sells! Once an Applian, always an Applian."
370,Great iPhone to start with,5,"So this is my first iPhone since I moved from Android. The interface is different and mildly perplexing but you will get used to it eventually. The camera quality is great- no doubt about that. However my major praise is battery life. I haven’t used the phone for gaming, still I am able to get aroun"
371,Superb,5,Superb
372,Budget friendly basic i phone,5,"The product is very good and well suited for you if you don't use camera a lot and just a fan of IOS UI. It's a very budget friendly iphone and works extremely good in 2021 also.I was just worried about the genuineness of the product as negetive reviews missguides you a lot, but i am happy to receiv"
373,Worth for Money,5,"Even though this model released on 2018, still this is a worth for money even on 2022. Best in hardware and best on OS. It’s best in value for money."
374,Beat,5,Don’t think that it’s old iPhone just go for it if you never use iPhone because there is slight difference between XR And iPhone 11
375,Good,5,Excellent
376,Just Wow!!,5,"Was contemplating whether to go with SE 2 or XR. Finally, went ahead with XR. Great features, Awesome Camera and Long lasting battery for my kind of usage. No need to tell about build quality or the software, they are the BEST!! I am thoroughly satisfies with the purchase."
377,Awesome,5,Value for money
378,Iphone xr no 1 mobile,5,Best
379,Best phone under 32K,5,"Reviewing after 2 months usage till date no issues, camera is great even though it's single camera, sound quality really superior battery backup also not bad over all great buy"
380,Don’t focus on negative reviews,5,There are so many negative reviews for this product and I was bit scared too while ordering this product.But I received my iPhone in perfectly fine condition.Totally happy with the service.Enjoying iOS??????
381,Beast phone in 2022 too,5,"If you are a non gamer, just go for it. Gaming is also good in this with zero lag. But the battery life might be unstable. This is the best value for money apple had ever made. Disclaimer : don’t upgrade from iOS 14 to experience better performance and battery life"
382,Battery backup is good,5,All for official work battery is having good life
383,One of the best iPhone ever produced by Apple.,5,"Good product, Apple should not discontinue this product."
384,Dad is very happy :),5,Bought it for my dad as he was looking to own an apple device for a long time. Pleased to say he is very happy with the device. The colour option was to his liking as well which was a bonus. Happy days :)
385,Worth buying even in 2022,5,Writing this review after 1month of usage and it’s still worth buying even in 2022 ( if u don’t have issues with 5g :) it’s design doesn’t look outdated as it was launched 3years ago still it feels premium then the other phones in the price range! I can probably say good phone for gaming under the p
386,Still a good package,5,Still a good package at 27.5K after card discount & exchange. Camera still a shade better in most situations than most phones in this range. Go for it ??
387,Amazing offer,5,Good product at amazing price.
388,Genuine product.,5,"Awesome phone. Was worried until it got delivered. 100% Genuine product. I think 31-33k is the best price for xr now. Xr is still a great phone in 2022. Though it's camera is not upto mark, I'm satisfied with its performance. It will do more better if apple gives a good software update. Although it'"
389,Dont be scared,5,I bought this in December and its been working great. It is a brand new phone.No laggingBattery is amazingCamera is obviously good but in low light its v grainyThe box includes the cable not the adapter.
390,Budget iPhone,5,iPhone 5Camera 3Battery 4Display 3Size 3 fatCharger 2 only type cCharging 3 speed
391,Original and excellent mobile,5,"I like everything in iphone xr. Decent Battery back up. I'm not a heavy game user. I have iphone se 2020 which battery backup is very pathetic though it's camera quality is pretty good in comparison to XR. I have 128 gb and I bought it at Rs.28,000/- only without adapter and earphone."
392,Best most selling iPhone,5,"Really statisfied with the product this is my 2nd apple device i was really nervous about this product before buying ,as there are lots of negative reviews but my brain is fully positive to purchase this product and i am finally bought it"
393,Genuine apple products,5,"Genuine Apple products,Good battery life ,Overall good,Camera quality average, this product is not for camera or selfie lover."
394,Very good and no complaints,5,Nothing to complain here completely satisfied with my XR
395,Finally,5,Red Colour is beautiful finishing is absolutely good. Best iphone if u are really looking for a iphone in budget then u can go for this phone.
396,Best phone for average users. I love it.,5,Best phone ever. Even at 2021 it’s great. Bit slow though display is not that great and camera is also below par at this price point. But for average users it’s an great asset.
397,The dealer is trusted and safe,5,"I got delivery the next day and at first phone was not turning on at all. Everyone who faces this issue, it’s only for the first time because the device has no charging. I recommend buy a charger offline before hand only. Otherwise, phone is completely genuine and and too good."
398,"Absolutely Perfect, love it",5,"The product sold was genuine and fantastic, everything is awesome. It's been 3 months now, I'm very satisfied with the product. Good purchase it is, money well spent."
399,"Awsm device, must say ????",5,"Old is gold, awsm device, impeccable design and camera, must say this is still very much in thing, only issue no power adaptor in the box"
400,Value for money in iphone series.,5,The phone is best as it carries all new features for new iphone. Its little bulky as compared to other iphone models.
401,One word is enough - Super ?,5,"Apple always gives best phones. Again a super fast XR, camera quality exceptional ??. Love this product."
402,Awesome...forgot about negative reviews,5,Excellent and I received package as shown on picture. No damages....
403,All time Dream achieved,5,Nice product with superb optimised. I was an android user. but now onwards iphone makes me a fan of IOS. It’s really cool & face recognition was fantastic. And overall performance at its extreme!!!
404,Excellent phone,5,Good phone…only 34 k same feeling like big iPhone mobile. Camara performance is superb need not carry DSLR camera. Overall experience is excellent and I am happy to purchase this product..
405,All good,5,"I bought XR RED in 2019 , again bought now in 2021 December may be because of prices and ? iOS addiction. Still I don’t have any regret of buying XR RED"
406,Superb,5,It is really nice phone even in 2021 just buy 128 gb you are all set to go just one compromise is the ultra wide shots if you can compromise for that just go for it
407,Great iPhone,5,Works very smooth & enriched with all apple features.It's genuine device of apple & warranty is verifed on device.
408,Best budget iPhone ever??,5,Awesome experience what a fast processor amazing camera just amazing in everything love it soo much????????
409,Excellent,5,I am using this phone from last weak it performance is best camera is also good if u are considering this phone choose black color very shiny and beautiful
410,Value for money,5,Best camera. Miss nightmode. Battery drain little early. Overall best mobile. Value for money too.
411,Awesome,5,"Front camera not that ok, but rest all phone is fantastic on performance, Battery life, rear camera quality wise.A big Thumbs up."
412,Affordable IPhone for beginners to have handson experience,5,"Good battery life, value for money, with it"
413,It’s very osm camera excellent picture,5,This I phone XR mobile is very very super sensitive in display quality and touching sensitive is very amazing camera is very very good and osm facing unlock is very fast Rear camera is very very amazing pictures capturing……
414,Best phone,5,"while ordering online I was bit worried, but Amazon did excellent job and delivered phone in good condition...at low price"
415,Genuine product just go for it,5,Genuine product
416,Perfect product,5,I was little tensed about the fake products because i ordered my xr for 34k and i saw the reviews that amazon selling clone iphones and damaged products but i took a step forward and waited for mine and i got genuine and i am happy
417,Good,5,My battery drained 100 to 94% in just 3 months I think Amazon have provide me refurbished product.
418,Beast flagship phone,5,Iam very happy with colour and phone?and is best iphone in bugget.
419,Love this i phone,5,"First of all thanks amazon to give outstanding deal , secondly xr is brilliant deal on this price 40k a round best experience"
420,Apple iphone,5,Its an iphone. Bas aur kuch bolne ka jarurat nehi..
421,"Original product,go for it",5,"Original product,Thanks Amazon"
422,Amaizing phone. Great performance & battery life.,5,Totally satisfied with the battery life and performance. Its really worth. Amaizing phone by Apple Iphone XR.
423,Happy,5,Mind blowing product in budget. Thank you Amazon
424,Best purchase,5,100% satisfied with the mobile phone. It’s awesome ??
425,Best budget iPhone ever.,5,Best budget iPhone apple ever made. Go for it without hesitation. Battery life is beyond expectations.
426,Awesome,5,Supper product work good ??????
427,Good price good photo.. love it,5,Good product nice.nice phone
428,One more good product from ??,5,Nice phone at reasonable price.
429,Battery life and fast charging,5,"Amazing phone, fast charging, great battery life.If you are ok with single camera then no need to go for 11 or above. XR can serve the purpose"
430,Super phone,5,Super.better than any make of android phone.
431,Genuine Product,5,Best part was Same day delivery … Genuine product
432,Good product,5,I was scared the product would show up dysfunctional but it's working perfectly fine. Thank you amazon!
433,Go for it,5,"100% genuine product.. XR is still good.. nice display, camera quality"
434,Apple of my eye ??,5,Apple is always the best
435,Satisfied with purchace,5,Received product as per expectations.Using it from month.
436,Excellent performance,5,Have bought the second one in one year for family.Great performance with good battery life and nice camera results
437,Fully satisfied,5,Using it from a month.Android to iOS-best experienceWorth buying even in 2022.I was confused to buy it online or not. Found a genuine store:)
438,33900 price best iPhone ek no ph hai bilkul mazedaar,5,Ph bahut accha hai koi problem nahi sab cheez ek bo hai
439,"Great phone, timely delivery.",5,Phone was delivered before expected. My Dad using the phone and he absolutely loved it.
440,Excellent,5,Amazing phone for the price
441,Awsome phone and it's optimization is mind-blowing faster and smooth gaming performance,5,I phone is always good with his optimization and processer iphone xr is 3yr old but still the gaming performance and other day to day uses is Awsome
442,Very fast delivery and a very genuine seller…..,5,Amazing product and genuine seller with prompt delivery
443,obessed,5,totally worth the penny got mine today okii packaging but phone is working go for it
444,Great purchase,5,I was confused with lot of negative review s but decided to go ahead.Great phone even in 2021
445,Battery life is good,5,"Good battery life I am an hard user and need to charge two times a day,but it’s okay with the fast charger which make 0-80% in just 40min."
446,Good,5,Battery is not so good but other than that allare good
447,Works great even in 2021,5,The product was received in an intact packing and it works really well. One con is that had to buy the charging adapter separately. Still feels great to use in 2021
448,The Best,5,"This is the best buy ever, switched from android to iphone xr and I am all love ?? ."
449,Best affordable iPhone segment,5,Currently using and really satisfied with the performance and battery backup.
450,Excellent phone,5,"Disappointed for not including the charging adaptor, I had to buy seperately"
451,All as expected,5,Love it!
452,Good Mobile,5,Excellent Mobile loving it ??
453,Nothing better than it,5,Very nice
454,Good product,5,Good mobile.
455,Nice product,5,Superb product.. my 2nd iphone after iphone 6.. huge difference.. liked a lot
456,A perfect smartphone from apple,5,The beast
457,Great apple is apple,5,Osm
458,Iphone xr. Super,5,Super. Mobile. For. Gaming camera is super and. Charging. Speed is nice. Iam using 18wattfast charger sounds like monster inside best for. Bgmi. .
459,Perfect Item,5,Just as Expected.
460,Absolutel,5,Absolutely awesome even in 2021 go for it if you will
461,Outstanding phone ??,5,"Low battery backup and not have long sdcard slot otherwise phone is outstanding, mind blowing, fantastic, fabulous ??????"
462,Best battery phone,5,"Go for it, it has very strong battery"
463,Good and worth money,5,"I am update 6s to xr, but usage different, i like it"
464,??,5,??
465,Good,5,Good
466,Very Bad Battery Health,5,"Very bad battery getting hot instantly while open Instagram, gaming,hotspot and charging.Battery health drop from 100-98 in 2 months"
467,??,5,Got it for around 33k. Great value product.
468,After update bad battery life,5,After i update to 15.2 battery draining so fast. But excellent mobile if you want to apple product
469,great product,5,all is good but no charger in box...disappointed for that apple
470,One of the best iPhones so far,5,There is nothing which one can’t like about this phone I switched from 6s to xr and trust me this phone is really worth every penny.
471,Excellent Phone,5,Fantastic
472,Super phone,5,Good one
473,I just love it,5,in a cheap price Amazon provide a good Apple iPhone for me... really amazing!!
474,The best budget Iphone!!!!(BETTER PERFORMANCE/OPTIMISATION THAN ANDROID),5,If u r looking for performance and optimisation then u r in the right place!!
475,Mind blowing,5,Battery is 3000 MAH it’s very low remain all ????Camera 4/5 ??Video 4K 5/5??Perfomance ??????
476,Good deal ????,5,Working as wonder ??
477,Good Buy at a Reasonable price,5,Slightly smaller to iphone 6 plus in size but rest everything as of now looks good
478,Lovely smart phone,5,Product is awesome battery life camera quality sound quality
479,Go for it,5,
480,Go for it,5,This is a great product battery performance is not so gook it is just ok okOtherwise its a great deal
481,Best colour iphone,5,"Bful coral design ..v sturdy, bful display..XR rocks"
482,Amazing,5,Like any other Apple phone. XR does everything right
483,Power packed phone,5,power packed phone… don’t think twice before buying this phone… just go and buy it
484,It’s worth for money,5,"I appreciate the timely delivery, quality of package and performance of iPhone XR"
485,all good,5,Very good
486,Feeling like a iPhone so good ????????,5,Feeling like a iPhone so good ????????
487,Good,5,Good
488,My first new phone is very good,5,I usually used android but i want to try ios so I brought xr and it is very good and i like it.
489,Too good in this price,5,Perfect iPhone
490,I loved this phone the camera quality is very nice display is very big,5,I loved this phone the camera quality is very nice display is very big
491,Fabulous,5,Value for money
492,Good mobile before I’m using Vivo but the iPhone XR is more then better in all format,5,Battery need daily 2 times charge rest all good
493,Satisfied,5,Satisfied
494,Worth for the money given. Good product.,5,Good option for the people to buy in 35k category and product is not defective. Good supplier
495,Clarity Of Picture Is So Beautiful,5,I like the picture quality
496,It was great experience and very good phone,5,"I like the overall online process of delivery,! Thanks a ton Amazon for this best experience"
497,Awesome Purchase,5,Liked it !! Genuine Box Sealed ! Overall satisfied !
498,I phone,5,This one best product and using since 2016 huge fan of technology.
499,Cost worthy,5,"XR is obviously good iphone in best price range, also received in proper packaging"
500,Data (Internet) stopped working since a month now,5,Data (Internet) stopped working since a month now
501,this is 100 percent worth in 2022 iphone xr,5,there is no dislikes here product red is stunning looks and massive performance
502,Excellent,5,"I like the whole chain i.e. Faculty, delivery partners and the product."
503,Best powerful product in this price range,5,The best powerful product ????Best for gamingBest in camera in day lighting
504,Good product,5,Nice product.. as expected
505,good phone,5,Good phone over all
506,Nice,5,Good product
507,Dream,5,Amazing phone. Go for it. Updated to latest ios 15.1.
508,Good,5,Nice
509,Super,5,Supar
510,Best phone,5,This product is very goodNo lagFeels smooth
511,Best budget iphone,5,The packaging was good and came perfect
512,Superb,5,I recommend this
513,Iphone,5,Excellent
514,Wowwwwwwieeee,5,??
515,Awsome,5,Love to have it
516,Good Phone,5,It’s a very good phone
517,This is best phone under 33k.??????,5,
518,Everything is super,5,I like all the thing in this
519,Excellent phone,5,I like the battery life and all up to date features.
520,Great deal,5,10-Oct
521,It’s a good product,5,Purchased for wife and it is really a good product.
522,iPhone XR,5,Good product
523,Awesome,5,Prefect iphn in this range
524,A prestigious device to own,5,Great product. Really happy
525,"Superb, best in budget.",5,Extremely satisfied with the product and delivery.
526,Best apple device,5,Best camera with great too
527,Nice,5,
528,Best in my own mind.,5,Awesome quality.
529,Good product,5,I liked this product . This is soo good
530,Delivery agent inboxing my XR,5,
531,Impressive desine,5,Excellent Mobile + it's Performance massive
532,Right,5,For student life.. this is very good iPhone
533,Good phone worth for money,5,Update should be available at least 5 years
534,Super,5,
535,Best in all aspects,5,Best performance in all the areas.
536,Best phone for gaming and battery,5,Very good phone I really like it
537,Its a very nice iPhone,5,Really everything is good in this iPhone
538,Battery life,5,As on date it is good
539,Great product as expected,5,Overall happy
540,Good items,5,
541,Wroth of money ?????,5,Best iphone in cheapest Rate
542,Wrost device,5,Camera is not working wrost mobile
543,Xr worth buy in 2022 ??,5,Awesome brand new product red xr ??
544,Good product,5,Good product according to its price
545,Satisfied,5,Good product Good Performance
546,Genuine product received uploading after 2 days of using.,5,Go for it best phone.
547,Superr,5,Super
548,Very good product,5,I love this product so much
549,Excellent phone and on time delivery by Amazon,5,Value for money and quality
550,iPhone XR super,5,Very nice good iPhone XR ??
551,Best,5,Best mobile
